,A,B,C,D
2000-01-01,2.1252080768720885,1.3438269924264685,1.55662655073559,0.31463423537730767
2000-01-02,1.231480882056972,1.151663570175212,0.6807281545746762,1.9626627490817934
2000-01-03,1.9156439333681785,0.8651170244437416,1.68986196939003,2.2441072832958486
2000-01-04,3.318774429025667,2.6454868270904965,2.3055709477309,2.7229795911671713
2000-01-05,2.4327244588089445,0.3282954532962905,1.6504932822954914,4.187008841855179
2000-01-06,2.0202099037905774,-0.41820141030238334,1.8171964531743938,4.161888878255578
2000-01-07,3.7209105585935673,-1.7800088548063302,2.8469832389895355,4.280668171316621
2000-01-08,4.557913188619066,-3.2215502488506864,1.0900067890586858,3.8426375220408016
2000-01-09,6.179687230693566,-3.463514734659316,1.513984441094887,3.4255782286173906
2000-01-10,5.470059560775626,-2.1865301257287215,1.5290126467836607,4.021410045726934
2000-01-11,5.428086871637847,-2.428545761679003,3.5143672836296784,4.533229101488523
2000-01-12,4.850073925546482,-1.704690859548574,1.6254453677728322,6.102426661733295
2000-01-13,4.266516541444988,-2.2887152821318524,0.7431793175723506,5.675089050765575
2000-01-14,5.343081416674776,-4.605783340438174,-0.5285625000682833,7.2881606408300055
2000-01-15,2.9656638136309157,-3.968528622714566,-1.132594760800394,7.963314235501544
2000-01-16,2.041779131776613,-1.877510830249415,-3.398252192362486,8.14298038758468
2000-01-17,2.702619420544833,-1.964152219372876,-2.3834535981562954,7.713298491515493
2000-01-18,2.9385357283150833,-1.2965216832679007,-1.7720430583808167,7.592899243343325
2000-01-19,1.7346786536627126,-0.4136394850359463,-2.9740355085392287,7.9221863027163
2000-01-20,0.6593122719052151,-0.4534077873714024,-3.4580010345593553,9.163366174428145
2000-01-21,1.4014955801047893,0.7256043402916776,-4.738778762977265,9.00099278501169
2000-01-22,1.6318528896777182,0.5232598792331733,-4.308097866666596,7.694767959481131
2000-01-23,3.5950450701126826,-0.9890315322437362,-4.690642211368196,9.135931483760935
2000-01-24,3.4387421749550566,-1.2049015626186979,-6.519420274368455,7.536002478986113
2000-01-25,3.698565889570941,-3.6697336726411,-5.535087060377526,7.920223934358306
2000-01-26,4.093791820912859,-2.8614984705328093,-7.094465173442466,6.933913062722152
2000-01-27,6.344196410732804,-3.1127840879326856,-7.193026436189113,6.25979907842941
2000-01-28,5.450008687326652,-3.502379195547955,-7.614878411351639,5.835198282445179
2000-01-29,6.069754763160219,-3.831168511017129,-6.5652728251087105,5.250717947434436
2000-01-30,7.870473032712869,-4.282965871219623,-8.24001628517226,5.300264162223276
2000-01-31,5.882745336548284,-2.419498347243303,-9.401710792997775,4.788080786581419
2000-02-01,5.807510884290883,-5.273689344553363,-10.852895002277869,5.345679638787847
2000-02-02,4.803311983449726,-5.7273801656137415,-12.011469057131563,3.734698773912287
2000-02-03,4.096401583763453,-5.960764948388397,-12.608886414529815,5.297089742940258
2000-02-04,5.314798956256357,-5.704248310108753,-13.488038608549914,4.4895545032315844
2000-02-05,4.646098179388854,-5.229900248626811,-13.16648559106743,3.242111494137159
2000-02-06,4.213551823125448,-4.548971786723684,-14.085676593050424,2.3484729654495515
2000-02-07,5.723567900368154,-3.4907777715242774,-13.943225505744385,1.3239327858781564
2000-02-08,7.301113949519934,-2.233574964082025,-13.25143325860719,-0.524142262640916
2000-02-09,8.353572493152852,-3.213568830144374,-15.630819996117298,-0.22705651294340407
2000-02-10,9.80695674407926,-3.3214492365968553,-12.940453956466987,0.8210810875652645
2000-02-11,9.269228422913818,-3.6075799588192496,-12.872374253436826,-0.2941502725367191
2000-02-12,7.934800839035514,-4.934777749198606,-13.837133229453684,-0.9551347954709676
2000-02-13,7.758506374755247,-5.101870361319732,-14.637443892157656,-1.6384592397777022
2000-02-14,6.2891867407380495,-6.119615667583712,-13.371165359227003,-1.8114726325952413
2000-02-15,6.008456509750943,-5.214690379215375,-15.611140459376042,-1.4058346978844296
2000-02-16,6.202684132788266,-4.11677463392321,-14.219955700330688,-1.9244836294902927
2000-02-17,7.713844290769789,-4.0836592627226915,-13.148654913351754,-2.7796400509262544
2000-02-18,7.44920828229506,-3.7757556924249402,-11.460994060717809,-3.91578309321004
2000-02-19,8.575323069593624,-4.120622002864899,-11.90888389808761,-4.768206130696684
2000-02-20,8.727249843614832,-2.3352911586264375,-11.401790981090041,-6.22543662940659
2000-02-21,10.96628603282285,-1.1552406204817876,-12.149346895439908,-6.836681712569852
2000-02-22,11.473024913390082,-1.403726766694544,-11.555169581325558,-7.760421792128603
2000-02-23,9.815649539896784,-1.834481493431356,-13.652006395102285,-6.529498396251995
2000-02-24,9.487831309917853,-3.4645617866020557,-14.045818381364587,-6.200476769198212
2000-02-25,9.316361465081513,-2.477352072334423,-14.15455774894419,-5.489199237264161
2000-02-26,10.017030643581334,-2.556997809818499,-14.531654813246549,-5.587817317528727
2000-02-27,10.375957807812725,-3.0087687410655017,-14.16635017867612,-4.911451246190989
2000-02-28,10.321060109507505,-3.7669775581815728,-14.02756342112157,-6.287688376043963
2000-02-29,10.61144313698368,-4.737430230903381,-15.118821486322751,-6.7599376579494805
2000-03-01,10.069000032174161,-4.337838451520038,-16.37976416529715,-7.977179804636433
2000-03-02,8.633662825283155,-4.826870170845881,-14.44871226639408,-8.688807160903597
2000-03-03,7.468928795391868,-4.049066994446011,-14.638807348297469,-9.827991310320474
2000-03-04,5.947826588856428,-5.183031529518243,-13.194252698980197,-8.925181927450533
2000-03-05,6.123753016602448,-5.0448003142146485,-14.523799623360599,-7.728595177782953
2000-03-06,6.859015440106705,-5.311263211755753,-14.28499461531903,-7.411073482045045
2000-03-07,6.840168394304518,-5.453168932831685,-14.924110061384257,-8.864084703545565
2000-03-08,6.865022788849722,-7.034704603628395,-16.30667986130167,-9.374696564049064
2000-03-09,7.189664750747119,-6.947552534775874,-14.379209344029901,-10.008724731034677
2000-03-10,7.738309855911601,-7.41234729668105,-14.958082300377917,-8.722309564315907
2000-03-11,7.887745735930261,-8.493601750960927,-13.331562852679387,-8.807407642846137
2000-03-12,8.709056585741099,-7.203213640332953,-12.608984536990693,-8.365030057379297
2000-03-13,9.273308336794052,-8.988087729214778,-11.663559254360973,-7.2683789074430925
2000-03-14,9.21773291716654,-8.49280868744904,-11.207854410292365,-9.345113675406171
2000-03-15,9.651365235035883,-9.759596695407668,-12.381371662276015,-9.364627651251993
2000-03-16,10.019720591998833,-11.165092227339112,-12.0722605102646,-10.41299731997521
2000-03-17,11.303315324398424,-12.7980146463484,-11.394962459282793,-12.066602353449099
2000-03-18,11.847720266927702,-12.887727016562435,-10.56821658018607,-11.700019826504517
2000-03-19,11.877756738083567,-13.547211552594295,-9.677893291123482,-9.033652625995538
2000-03-20,12.871122286518695,-12.700736533740047,-10.266071136692087,-8.670260780140962
2000-03-21,14.446201295092438,-13.12933213301843,-12.239011778951882,-7.89284158371914
2000-03-22,14.177754767428556,-13.200376286246064,-11.499151596157601,-8.603425658346508
2000-03-23,13.29867206933125,-12.127990306837503,-10.746933905023623,-8.290299404988897
2000-03-24,13.926402201708793,-10.959232602237787,-11.354376030901493,-10.108285508408892
2000-03-25,13.12294785865604,-10.492901411499348,-13.653098541589552,-9.590108693420095
2000-03-26,15.072513688573316,-10.971296054779087,-13.939181703139605,-9.507458011161475
2000-03-27,14.201184172950503,-12.866706008096429,-15.150850783977969,-10.361389231114586
2000-03-28,13.413437881767868,-11.39781744168705,-14.794707485845143,-10.208753386556815
2000-03-29,14.812342770203214,-11.184949512893672,-16.54089281532335,-10.029102108817698
2000-03-30,14.575097307052337,-10.255912771708843,-15.9002807616216,-10.672781098458978
2000-03-31,15.219028975295448,-9.899506772948616,-14.748883165229477,-9.740546009219848
2000-04-01,15.593063231289602,-11.92343213637894,-14.169296130907655,-10.79262984848005
2000-04-02,16.070075403211536,-12.50654044896455,-15.022798089569982,-12.080108619518798
2000-04-03,16.03462860444254,-12.1642351072191,-15.795692626208497,-11.178386296497028
2000-04-04,18.002869829926055,-11.569375765712076,-14.950169005635459,-10.83787969801079
2000-04-05,19.305809209817237,-11.367953186785636,-13.334121785692384,-10.941563727192639
2000-04-06,19.657511882060756,-11.680632792746737,-13.085663687835275,-11.606278933986045
2000-04-07,17.694443356918004,-12.389361457685181,-14.07633186622796,-11.067556723961673
2000-04-08,16.527276531671177,-12.222319649187725,-11.68336748740485,-10.592693558438585
2000-04-09,17.476853490469157,-10.569675649682441,-12.038458410982157,-10.13807993577824
2000-04-10,18.594067686122656,-11.390187290098266,-12.002205676311535,-7.408687437796726
2000-04-11,18.326305609722358,-9.912040157707846,-12.56245592667407,-7.223898757883254
2000-04-12,18.80762502071148,-12.15027410248845,-13.353142721266334,-7.555886358626435
2000-04-13,18.769378879093402,-10.492749670942185,-13.965319432466302,-6.932104592602727
2000-04-14,17.501600277750654,-9.636654570215875,-13.211873723193282,-7.452303826606478
2000-04-15,17.454563423663764,-11.440403217979004,-12.038259268949425,-7.472424952801282
2000-04-16,16.553141288656615,-11.41665287753863,-10.849647184793149,-7.248257184908163
2000-04-17,16.739228974933308,-9.647982722816554,-11.394386804282208,-5.466887865294128
2000-04-18,15.888983827758912,-10.800995991961894,-11.556933097067427,-4.463510859714105
2000-04-19,14.996181313185769,-10.87035198861151,-11.382421345338335,-3.628805454254901
2000-04-20,14.67148918491363,-11.267928980896867,-12.007088768299653,-2.4352311943956666
2000-04-21,14.418409015853145,-11.49266051079803,-10.557315035930406,-1.043775519388281
2000-04-22,14.83105740542405,-11.513045875781932,-13.010602962191555,-1.6889960561335613
2000-04-23,13.3995068769753,-11.55607680804291,-12.965737372894546,0.24647450979811025
2000-04-24,12.121475313953962,-12.470956758795133,-13.01951345662564,1.0024341102954555
2000-04-25,10.951176218017912,-11.724756160430736,-11.897648958104217,-0.2506394004936283
2000-04-26,11.094603163865962,-10.648935670148376,-13.411798276957454,0.018557255439140996
2000-04-27,12.61187944753109,-10.170041791979013,-14.216117717255731,0.0913546588138167
2000-04-28,12.537051098007574,-10.435823399095357,-12.629163478441441,-0.05975566713649051
2000-04-29,13.259049330798401,-10.393036841262509,-12.118850072250842,0.54990238433213
2000-04-30,13.242715297884832,-10.537995616475666,-10.222258837588555,1.124288097422532
2000-05-01,13.20501144286203,-10.07379535813023,-9.169794415083963,-0.40320127593627975
2000-05-02,14.210865501396869,-10.941864008810443,-8.772437165986657,-1.067119729123374
2000-05-03,14.256741035694045,-9.743912938707377,-10.26651468551626,-2.2919102237807665
2000-05-04,15.620804165897624,-7.135845199191047,-8.69228047720097,-1.067366405714216
2000-05-05,14.690683864314842,-6.665895322594814,-11.296641788872535,-2.35090523281047
2000-05-06,14.949306231256944,-5.430699240607225,-10.246788381381313,-0.773908544389754
2000-05-07,14.381506480812982,-4.263336260575576,-11.483184624598863,-0.7202420530990198
2000-05-08,14.25413843174261,-4.822358164899223,-10.720351081136066,-0.026684016161457436
2000-05-09,14.894239902896542,-5.2712539292240805,-10.93754540295566,-0.04586907025556236
2000-05-10,14.780615322751421,-5.232273474507719,-10.954314302394172,0.05378482355917859
2000-05-11,14.207719058190257,-3.8285892829801025,-10.50550789251147,-0.6797998140525365
2000-05-12,14.078359205342258,-4.717360741981384,-10.860704953626701,1.0127247478649388
2000-05-13,13.309372764237771,-4.5730602387348,-8.69245552578013,-0.08668138010299642
2000-05-14,13.048746417218512,-5.129003865767137,-9.741790081152287,1.8641178659908393
2000-05-15,12.760358002641974,-4.206572025628899,-10.106510141261843,3.723341643402759
2000-05-16,14.04810311051591,-4.7905728070417535,-9.420088308421647,2.1459092234953268
2000-05-17,13.183875633101913,-4.413459560494519,-9.222207309186905,1.9216515413882318
2000-05-18,13.191191454806999,-7.013166339702241,-9.72089470426831,2.551093602940682
2000-05-19,14.088122633075606,-8.171004480341702,-10.967884778608592,2.6204209315052296
2000-05-20,17.616385134829084,-8.2918328547268,-10.78790822290153,2.187185048749032
2000-05-21,18.067323002576877,-8.931354019188978,-10.623273865919428,2.683060606340719
2000-05-22,18.904585406654128,-8.688248522601667,-10.26907722298868,3.03116776579756
2000-05-23,19.147719554967807,-8.270004028164983,-10.496889756612957,0.8182680389456647
2000-05-24,19.471515827188686,-9.382944992748817,-10.373364443617282,-0.22384311775591925
2000-05-25,20.447251192372505,-9.610770929261735,-12.24913770616166,-0.9966057014677413
2000-05-26,19.18584518902805,-10.236738359966068,-12.514745961766875,-1.8588981017277924
2000-05-27,19.59170540358289,-11.94644596171189,-12.360939597617143,-1.3859401836651113
2000-05-28,19.29825730348567,-12.333096991876234,-11.390885241630096,-1.3453135161768457
2000-05-29,19.29332993350348,-11.408486396316608,-11.85952969883687,-0.7199000363968137
2000-05-30,19.568148987064973,-11.288523301056834,-12.51744879051232,-0.8051271342171639
2000-05-31,17.962554281092146,-12.535719258957569,-9.753181257804401,-1.3741979367272323
2000-06-01,17.890360527446024,-12.725456812975263,-9.541523270683278,-0.018862932119371623
2000-06-02,18.78594561186556,-12.036500190427724,-8.94895000797552,1.3976170175510483
2000-06-03,18.585073380634228,-12.860983127502925,-9.650519093954909,1.5493837708002436
2000-06-04,18.98896939319009,-11.659630520397108,-9.367156409842867,2.0992543214205304
2000-06-05,20.370561985665983,-12.403927377256043,-8.867385307829148,3.068181018360464
2000-06-06,20.02375833695612,-10.486660787173118,-8.643564747972238,4.418383215409219
2000-06-07,20.201208328478998,-9.423508565670973,-9.489380419082128,4.515034530064697
2000-06-08,20.725094978117713,-8.034495783853615,-10.792841778674026,5.642151816626976
2000-06-09,23.108357618289954,-10.181545207444003,-11.363737546167012,5.750530516599763
2000-06-10,22.70152567422712,-10.316091447671576,-11.718840980279563,5.784486955498741
2000-06-11,24.403306014357472,-9.695643558231351,-13.67649947899692,5.508771479966493
2000-06-12,24.148735988243583,-9.93081420615814,-13.091764853698734,5.581264209893459
2000-06-13,25.02240650096738,-9.25401672336737,-13.38061513519844,4.8637773420355
2000-06-14,26.1403758621127,-7.78153003255488,-13.997853565261977,4.246844036778601
2000-06-15,26.07943129831024,-7.131043534176915,-12.033671654137725,4.950889679440237
2000-06-16,27.562640538197364,-6.716446173893245,-10.885624171938527,4.0916922397842015
2000-06-17,27.338660870707884,-5.286431032292896,-10.826057826810171,2.2624186565051416
2000-06-18,27.25528908783009,-4.766519541960782,-10.361762495862015,1.6935242483881334
2000-06-19,28.713448461875434,-4.5346825026513695,-8.455055275006712,3.163687973342559
2000-06-20,28.343296703559858,-3.745507096390741,-8.521944678759628,2.6531861160586137
2000-06-21,27.369372578352635,-3.64496068947102,-8.269657576994002,2.7172389783051574
2000-06-22,24.95374976065724,-5.337292844511577,-7.97932655011259,2.329986109363453
2000-06-23,23.276889530838794,-3.6457811691274786,-8.806160810480373,2.4065279901145455
2000-06-24,21.323421935514137,-5.216990995761868,-8.519863523427347,0.8149982676092018
2000-06-25,20.876437748071815,-4.3591079462981375,-9.096069378491471,-1.4673100653388105
2000-06-26,18.63502483501054,-3.6061887529575665,-9.808023440445579,-2.9581246288228726
2000-06-27,18.58658757829676,-2.4608992634005307,-11.116863767805885,-3.0488200457451846
2000-06-28,19.52107573964402,-2.4713485962518784,-11.397091056380802,-3.025478490623645
2000-06-29,20.861484574861997,-1.5612747645864604,-11.59186298071301,-5.250856584648236
2000-06-30,22.093874077304008,-1.1838924094181058,-12.023956778288495,-6.804903140934575
2000-07-01,23.745640417389353,-1.2380733140299838,-13.169192973247622,-4.931569889010057
2000-07-02,22.82295404043176,-1.759952136742832,-12.543051411156492,-5.2366066314006945
2000-07-03,22.943458265341647,-3.4690578174022555,-11.138074979505765,-4.7635322966947715
2000-07-04,22.599409520496753,-3.581917062232235,-12.05491790203089,-3.653455937477373
2000-07-05,24.283644004470524,-2.8169072757371856,-11.595892422068683,-3.2952616055060484
2000-07-06,22.675527351136306,-2.629976396747535,-13.132870856265098,-3.168969905636086
2000-07-07,22.95623119388619,-1.12691276335984,-14.147188023626391,-4.647310287780972
2000-07-08,22.73044905901484,-1.1043188805430637,-14.489312416693497,-3.5798230387115817
2000-07-09,23.05788813368296,0.13040243878474,-13.80082339419173,-1.639393842211028
2000-07-10,22.105197829584313,-1.269785820539174,-11.548849994077104,-0.7751638405530962
2000-07-11,21.04507576462589,-1.4000497238580631,-10.417683177923056,-1.097222070420608
2000-07-12,21.84765676429984,-1.086081194974168,-9.145540312868052,-2.5008009315445365
2000-07-13,21.21991892558614,-0.09415312100680862,-8.272598370260166,-4.236664384544923
2000-07-14,19.42653881008185,-1.4052882778361102,-9.558617816896072,-4.507094044792251
2000-07-15,19.04579544531881,-1.5311868544063976,-8.716679569776003,-5.542770141737914
2000-07-16,18.64363672706635,-1.4534423912257828,-8.58894604761212,-4.979396997439986
2000-07-17,18.404686540809195,-1.0911645683011058,-8.044175320981303,-5.960426641756836
2000-07-18,19.47438055670079,-1.9709906947689195,-7.574549614411538,-5.495303516634204
2000-07-19,20.503021605385058,-2.97118441066573,-7.9826810125865455,-5.513434323236641
2000-07-20,20.464199509074817,-1.6270706684210428,-7.436051386441409,-5.05901761804819
2000-07-21,18.54372006798131,-2.0991835123168276,-8.065280383460005,-5.372606148944585
2000-07-22,19.436968616761447,-2.2518846008873505,-7.6182963295768635,-6.322138176602027
2000-07-23,18.442757659522858,-1.8753956743046407,-7.0518179109120975,-6.476661494224062
2000-07-24,18.844001616171596,-3.0496235866380648,-6.506617370682079,-9.024074365736535
2000-07-25,17.571584621903796,-4.2420301379368555,-5.76383346869089,-9.838134767617978
2000-07-26,17.63679423338574,-4.870107778777278,-8.092584807053182,-9.520913380306757
2000-07-27,16.825845692343147,-5.512598965916956,-7.978538568108685,-9.656308523428562
2000-07-28,16.710823795950972,-3.948864313728726,-8.609553600868766,-10.050419308520741
2000-07-29,18.023182402179245,-3.4585573773413674,-6.881868526189069,-10.783900846884775
2000-07-30,17.1095995179475,-3.112380478772782,-7.127163274489704,-13.283527885614713
2000-07-31,17.26143265430847,-1.4120631687975644,-6.196223210880003,-13.765762615089413
2000-08-01,17.16921444749187,-1.3411412073824795,-6.656100926453203,-12.212592726527577
2000-08-02,15.295560069422956,0.13249993566310247,-9.47344306205953,-10.324440517471084
2000-08-03,13.183165035130655,0.03426217382404527,-9.750393326219566,-8.69919052834846
2000-08-04,12.984829583774786,0.8610048808372429,-10.331107118861254,-10.095116085795352
2000-08-05,11.325936410317475,0.2484806468984706,-10.397053809660918,-11.361157626916288
2000-08-06,10.997744961030103,0.428937862908367,-9.764293131794156,-11.763882848194003
2000-08-07,11.754458245663487,-0.5897555674052107,-8.484685516850252,-11.044744400027874
2000-08-08,13.26112467846582,-0.8537475175425921,-9.088795141446933,-9.549899884809154
2000-08-09,15.014766621706285,1.0345234077128052,-8.920460389027145,-10.311332707197218
2000-08-10,15.432058650537565,-0.7425384649191491,-9.71209982693862,-10.23634720687019
2000-08-11,15.241078179581935,-0.13309551845237677,-8.779389095892851,-10.49694012564769
2000-08-12,15.367537993895692,0.5995595581750311,-7.727434145826889,-8.611045827826947
2000-08-13,16.347065817312412,0.7486258319834223,-6.286173853948412,-9.469671961949347
2000-08-14,14.807125759824775,-0.1328445082632168,-4.701495976899107,-9.784640457749163
2000-08-15,14.560585986317061,-0.2749585464336781,-6.143763209469407,-10.643707891261093
2000-08-16,16.297910521171705,-1.2218818423624263,-6.946213183455101,-10.130963187628469
2000-08-17,16.122050786578363,-1.527821732882474,-6.6148981584105915,-12.012019654135756
2000-08-18,16.948844838894697,-1.0327774752134826,-6.8629665628424785,-13.410009951331
2000-08-19,15.525712781051555,-0.4383646364411986,-6.945566959591646,-11.520912128972892
2000-08-20,15.958155113132515,-0.9259368598514104,-7.704721190714785,-14.035898291722189
2000-08-21,14.98329519987807,-0.6055394223728577,-5.871692043858687,-12.258361459189725
2000-08-22,15.9511290225764,-1.5781103724890198,-5.759144674054227,-11.517834904109684
2000-08-23,16.198844295385545,0.650867494724797,-4.0474891030425715,-9.845824073384534
2000-08-24,16.784502828824422,1.5833571652728633,-4.360545490359807,-11.696953627192457
2000-08-25,16.022474175512308,2.65457951636641,-5.953770640357958,-13.168033304459698
2000-08-26,15.529628798912139,1.6467192551845893,-6.538697217827698,-12.440343559760844
2000-08-27,15.37743568632579,2.545302874671183,-6.609653005213453,-11.490013237772459
2000-08-28,15.5182069290354,0.819025434241907,-5.740210346410478,-10.58441643729932
2000-08-29,13.850264316588959,0.34949990525142455,-4.6908893843604975,-9.617376112752556
2000-08-30,13.807607570408242,-0.7819028481181693,-3.548253376765395,-9.266480712146793
2000-08-31,12.22897090387633,-1.663524974258802,-5.618161086081447,-10.593242381972525
2000-09-01,12.7641780631159,-2.9956501878457282,-3.48821659069244,-9.40812849840337
2000-09-02,13.291161003056857,-2.7311329291324333,-3.3960261334002446,-10.821755102704424
2000-09-03,12.003320878159304,-2.6684708671431787,-3.226295733310507,-10.384560952189043
2000-09-04,12.185040134777948,-3.6107271525971534,-2.156205430770578,-10.453816913146486
2000-09-05,11.85702949811848,-5.435557033068842,-2.2709255186702886,-11.83489025429445
2000-09-06,12.078761306662033,-6.582205277598774,-3.69771389981198,-11.974405672514509
2000-09-07,12.601601180227266,-6.453455587128459,-2.4180578920714564,-12.50675725753907
2000-09-08,12.182932644214242,-6.929488942038583,-2.164114470637914,-12.407265085674583
2000-09-09,13.089305526675233,-7.7027159393645,-1.1839815068426356,-12.712809492443089
2000-09-10,14.727159762468794,-9.490513760760622,-1.3978115911192472,-12.550622142623451
2000-09-11,13.813080281194459,-10.99999432656462,-0.4606240001643206,-13.418168429781314
2000-09-12,14.166513947118979,-12.142532927867535,-1.0161574244013911,-12.779228211346005
2000-09-13,14.549562954127234,-12.032926541117437,-1.5988783258904582,-12.920826157742246
2000-09-14,14.122981414343405,-12.782204864211819,-2.2064645736603854,-11.905775274856335
2000-09-15,14.374534679825377,-13.044002871609806,-2.178213089463967,-10.995593661560559
2000-09-16,13.872342898629817,-13.740041493028835,-2.604952820771254,-9.156201998445681
2000-09-17,12.66051711609277,-14.794631946198713,-2.1479139782336594,-9.625391269218005
2000-09-18,13.933820072126263,-15.402966094449553,-1.6099935896566466,-8.448807093984438
2000-09-19,14.468021798337372,-15.929029377320395,-1.460457102553437,-10.52980828578351
2000-09-20,13.745314180147306,-15.201582042207745,-0.24131261716469554,-10.593422171672614
2000-09-21,13.37761828645346,-15.958120988852713,-0.5326852494203966,-10.438433605836293
2000-09-22,13.750513207860989,-16.38700471234266,0.29847946441109485,-10.867852322628162
2000-09-23,12.592050161632201,-15.583690663915608,0.21847638796889035,-11.235654040185578
2000-09-24,12.03734707410585,-15.084252334362294,1.132661560484598,-10.287798875224295
2000-09-25,11.255124772958954,-13.774454701574928,0.6374751357772044,-10.837181894718753
2000-09-26,10.61641328751309,-14.806218885282739,-0.50537876221291,-11.63953183401897
2000-09-27,11.289828502353387,-13.613690950499173,-1.0909219062055948,-11.617755848412854
2000-09-28,12.712803699068763,-11.181830003300705,-2.0701619502776865,-13.14277259238051
2000-09-29,14.463292249263176,-11.89062764894219,-3.100825165704265,-12.804710577591141
2000-09-30,14.728934592655907,-10.417954753959686,-4.259360510519802,-14.039387341658852
2000-10-01,13.4471913626938,-10.453601910441874,-4.792250684977866,-13.418070172190113
2000-10-02,14.281277075945507,-11.689121346706294,-4.456454051560252,-11.886246618323655
2000-10-03,14.998965193758249,-11.011167223121804,-6.00357338136251,-13.093938607106809
2000-10-04,14.95174545795902,-10.979047238734077,-6.462871046056742,-14.157273036424836
2000-10-05,13.94164713027875,-12.851369435968063,-5.995344568774963,-13.4827043011485
2000-10-06,15.424652603171836,-12.830784686210684,-6.1872224876679445,-14.547111725122033
2000-10-07,15.077145943457928,-13.376009956231401,-6.827837393578645,-14.203536202445633
2000-10-08,15.669600550263407,-12.552916236670098,-7.167170325286928,-14.113718948405959
2000-10-09,16.580636758435936,-13.179182706942521,-6.154934770868532,-15.309240821028528
2000-10-10,15.43517814158359,-14.822654357408837,-7.003090477195878,-15.161310000955378
2000-10-11,15.038353024511672,-14.149764768014823,-8.162597688321753,-15.225833306190601
2000-10-12,15.599446237059643,-13.96761428178321,-7.808168406523048,-14.439894759662542
2000-10-13,16.08743287544602,-15.574240131461018,-8.147632606764803,-14.52579296578566
2000-10-14,15.697828245931815,-14.342192902638779,-8.192650307263403,-16.414982951019592
2000-10-15,15.624286423930489,-14.760828167130875,-9.006809533926276,-17.979362808350356
2000-10-16,16.373202857971496,-15.061074019577118,-9.778373166311246,-18.691131622627093
2000-10-17,14.627590623839824,-14.21425298037198,-9.055404369188892,-19.262903175643945
2000-10-18,15.097701269636602,-13.610825530277262,-8.004268549666484,-19.495183647901236
2000-10-19,13.95171795475822,-13.49192600408005,-7.905141777278713,-20.34737532372573
2000-10-20,12.41305089574178,-15.019828863935594,-8.33782611295609,-21.416218889546247
2000-10-21,11.574537920289474,-15.100985086795149,-7.941537265769987,-21.375196174528437
2000-10-22,12.317802345963855,-14.542423702729083,-8.742339884720057,-21.094316372451182
2000-10-23,11.185731613768976,-14.149284129013363,-8.043183580706087,-19.511690402701095
2000-10-24,12.831023464408748,-14.147381406705264,-8.174233373545974,-19.814880649868893
2000-10-25,11.326957637355072,-14.222327237205741,-6.983977982523509,-19.08869512001394
2000-10-26,10.596077511290352,-14.954827937375278,-4.6434963342456514,-18.156616576049107
2000-10-27,9.643261876595915,-14.55397813608208,-4.454648303391439,-17.161814320287867
2000-10-28,8.952905455411011,-16.1531655051747,-2.989214357900809,-16.527634419670854
2000-10-29,11.280146445014834,-16.18536434973508,-3.369305578551271,-15.905187371661588
2000-10-30,10.225141747557348,-16.679465585175773,-2.649166159102114,-14.999993535278616
2000-10-31,8.58673185569236,-16.325484965232878,-1.8187838831091732,-16.00229135982781
2000-11-01,6.984177195961111,-16.015786297584302,-0.9888984709513412,-15.318302694464737
2000-11-02,6.6611558272871605,-17.91848000408566,-0.25981336281718903,-14.66759895922863
2000-11-03,6.622506835256298,-19.336241215914118,0.1463707222003079,-12.8280080268576
2000-11-04,7.2033594744120455,-19.316860575292342,1.4789553944019103,-14.549633296906627
2000-11-05,7.438654926260284,-19.89266704164684,1.71153324372418,-12.111521453083142
2000-11-06,7.51949250919009,-19.941051065093454,0.8062114163302623,-12.912817828449977
2000-11-07,6.956176203421304,-19.571716761555287,2.303197506278433,-13.434480415375003
2000-11-08,8.029016032156905,-18.817119062424766,3.0149383735349633,-12.325941523690052
2000-11-09,7.895880491636621,-19.417968282671538,1.9517156977551642,-12.96986406694077
2000-11-10,7.5613455798793385,-18.00289910521866,3.0402948258011766,-10.486293676809378
2000-11-11,6.432630259336234,-18.491272553452944,5.120822433784553,-10.589028460102249
2000-11-12,7.874516563549451,-18.67279945513534,4.406748334390923,-9.762760664288425
2000-11-13,7.01060855131394,-18.664330180872415,6.211713708188414,-10.05638268758783
2000-11-14,7.78993783243733,-17.604521513100078,6.924572058017163,-9.766304454006482
2000-11-15,7.928453236546127,-17.191566806291927,7.618098840769394,-8.105793822167552
2000-11-16,9.118210243830141,-17.869128074347724,7.863480688256522,-8.29194204580579
2000-11-17,8.131587837512301,-18.996714937294175,7.67534609945324,-8.871172994549022
2000-11-18,8.977849727561738,-19.36931306342062,8.361899292091021,-9.636101358689453
2000-11-19,9.807428853607892,-20.953574396336,7.150252275308395,-9.26454273985774
2000-11-20,8.343031789732704,-21.789253492727784,7.911869704661887,-7.982881215730636
2000-11-21,7.6243326252984085,-20.51000089566293,7.898431922473635,-7.7356674185888314
2000-11-22,6.9820025228732945,-18.490810978011407,7.126001905683657,-8.43782607697643
2000-11-23,5.105556534619266,-17.290940115580845,7.133768733259075,-7.8082460645646
2000-11-24,6.222646209309119,-17.110718643578597,6.686189328668276,-8.518586585009661
2000-11-25,5.533267527551346,-17.64515997668443,6.599934109485404,-8.014183162890083
2000-11-26,5.41862802907504,-16.502426364524823,7.783246309960644,-7.331841912440806
2000-11-27,6.012132025957981,-16.271025924414122,8.231068871777323,-7.446837102634163
2000-11-28,6.639762395143723,-15.776818359402412,7.829642717502881,-7.043268633656094
2000-11-29,7.425242168729458,-15.703675587343737,5.900274523013753,-8.281827107552372
2000-11-30,9.523874618758075,-15.131151224271381,5.655161104348486,-6.909052441403856
2000-12-01,9.98612061411402,-14.765722080136964,6.920873878513726,-6.7859899983869765
2000-12-02,9.045808551169836,-14.810849409731974,6.983785094368122,-8.443306457615954
2000-12-03,8.647431172710125,-14.187583946646512,6.371517346269886,-8.962360252342448
2000-12-04,6.642652478556784,-13.914133230474146,8.305171137979736,-9.800967813144625
2000-12-05,6.322563559055793,-13.836936742544665,8.348713684705373,-10.279296508758879
2000-12-06,6.521165004516005,-13.911327799416771,8.58984359577372,-8.95943033944405
2000-12-07,6.67825936275236,-14.511758439682563,7.703836876938894,-8.906562366805602
2000-12-08,6.709831607307156,-13.536200132509386,6.2427817064930995,-9.456153833466445
2000-12-09,4.629915830865135,-13.957550776369331,5.816493066195837,-9.71541575270297
2000-12-10,6.131225541557514,-13.635702573293614,5.454349372534334,-9.08209777965033
2000-12-11,5.677534337640497,-13.728349039084032,4.0972813971173,-10.040731263270622
2000-12-12,4.171893068233408,-14.349891055632359,4.565940784344956,-12.053676035526815
2000-12-13,4.7172872307091565,-15.052484001144638,4.039598026523464,-11.159929901313944
2000-12-14,3.792449855855032,-14.449719300150354,4.644752564354127,-11.134617054848198
2000-12-15,2.286984993316485,-15.412284003378021,4.282740943116972,-10.120890011643015
2000-12-16,4.415780218948192,-14.551788643174419,3.0602029442797134,-10.272631074518591
2000-12-17,2.961118961809206,-15.433214233500047,3.0772487109294175,-9.26057546505407
2000-12-18,4.324655055406819,-15.375504276795393,1.9334347927429019,-8.447540931709582
2000-12-19,2.517959938543401,-15.410988705028648,1.6223562525855435,-7.84642630705252
2000-12-20,1.6229854068109115,-15.160043171795483,1.7082651094006205,-6.73255292136459
2000-12-21,2.0916116739972046,-18.092976424028862,1.089517605846011,-7.345346904848471
2000-12-22,3.1616311191700506,-18.61630303529201,1.4816252486280126,-6.177074114593207
2000-12-23,1.9185083715999451,-18.98607764847406,0.9340214150142314,-5.8158100119029
2000-12-24,2.042532174456415,-19.11734651495709,2.0380595102991435,-7.058398083463512
2000-12-25,0.7039210741713451,-20.795246244463915,0.7454508994581757,-6.878919583844966
2000-12-26,-1.1195930712162763,-21.503569597478407,0.18145637447554064,-6.234375792487203
2000-12-27,1.1741942497001199,-22.922476642912557,0.9316250550755063,-7.0433799287787835
2000-12-28,-0.4134337845090361,-22.475319803468164,1.407890242156324,-7.116734918378859
2000-12-29,0.2744217618108654,-21.874534740831727,2.529221510393552,-5.424664491470929
2000-12-30,-1.268086567034676,-21.515747754458314,2.2889200273409247,-5.413413066413276
2000-12-31,-0.7928930608894705,-20.471844487195575,1.5210665804167567,-7.2659219459363555
2001-01-01,-1.0642284119987453,-20.93110383031913,2.6258691420599654,-5.987483933579297
2001-01-02,-0.9062190220190546,-20.32981735421895,2.728203675321997,-5.429654138964804
2001-01-03,-0.44619970789983293,-20.54129731817594,2.639674933972612,-5.249661139465262
2001-01-04,0.02126709714701619,-21.024180789774846,1.6295834207964066,-5.6811035182750045
2001-01-05,-0.3208704686133133,-21.05371274982718,1.6905284266701446,-5.493803173036798
2001-01-06,1.645652160099999,-19.455542305282666,0.5400683245118307,-6.215412258125493
2001-01-07,1.3093954701101427,-19.246564505859766,-0.06562371963652913,-4.65111961740715
2001-01-08,2.2622035281250734,-19.521688985461317,-0.887224126715284,-4.035210518782514
2001-01-09,5.559690830062274,-21.33734997924657,-0.5808953857803145,-2.843932972974825
2001-01-10,5.011983293318425,-21.757073907295574,-0.41206186550038354,-4.3777370390931365
2001-01-11,5.059935478403115,-22.49298612458366,-0.7880962358312376,-5.529516084589679
2001-01-12,5.158960861400353,-21.89334375482464,-1.5162978831391283,-5.563270121454153
2001-01-13,5.22323606466553,-21.349873318358654,-2.41209152585734,-6.372056973200746
2001-01-14,5.491192926567217,-21.971503038247686,-2.916491380343884,-5.346823419645033
2001-01-15,4.383170775049912,-21.80812041462658,-2.811815934988355,-3.699664555413336
2001-01-16,4.529213518547873,-24.917379252022183,-4.365620887291795,-3.3988740046766073
2001-01-17,6.085814816781002,-26.03028512999501,-4.93982325584594,-4.3712521995220195
2001-01-18,7.146364365682275,-26.273673831808708,-5.424078382840095,-4.625978963678686
2001-01-19,7.4373986492877355,-25.01682710731332,-6.331689483208021,-4.768103240890511
2001-01-20,9.08334335938197,-24.428721418799135,-6.781488601872056,-5.96305835179607
2001-01-21,9.811805186598566,-25.691773119190582,-6.899002158298132,-6.716411782642558
2001-01-22,10.432883665679702,-23.849873903739013,-7.97590347594984,-6.790108517733298
2001-01-23,11.77848342866855,-25.38866316960177,-7.889497067710913,-5.485243987225654
2001-01-24,12.178853948615696,-26.025621414195196,-7.693184675978885,-6.062194358040515
2001-01-25,13.007639984649668,-26.24453426900331,-6.9447816560740225,-5.044361429823352
2001-01-26,13.569635337727844,-26.417254828283028,-7.811723228531554,-6.841706993671459
2001-01-27,13.578350387937746,-26.604710154057273,-8.939576478169279,-6.826565502254318
2001-01-28,13.328627234370819,-26.965715755710747,-7.8806453940712275,-8.53883814344115
2001-01-29,14.983125160467981,-25.436826908324782,-6.428148390397547,-8.449025136055326
2001-01-30,12.17396828331344,-25.398995330963874,-5.900236624095259,-7.974942319895916
2001-01-31,12.708065346276827,-25.793913824404,-4.336151753688114,-7.742387262134446
2001-02-01,12.7723161583495,-24.556284853811494,-3.83290270620654,-6.654861387799257
2001-02-02,11.700045686037328,-24.295836621066023,-3.8751332010714976,-5.431184342801714
2001-02-03,9.577565010084387,-24.187534976726067,-3.873906298811731,-5.881784625068235
2001-02-04,9.83406327344212,-26.157757554501295,-3.740335002143559,-8.642446143667776
2001-02-05,10.85334776755171,-25.842557974245185,-3.2376587966314228,-9.625406427903181
2001-02-06,10.278997492843068,-26.73322142163887,-3.2539449311572075,-10.499678372180771
2001-02-07,10.660148698143631,-27.62636182210355,-2.886152807722675,-8.145506507793156
2001-02-08,9.710289863796067,-27.27366097096026,-1.9403260904026034,-8.76399332249996
2001-02-09,9.389935567489823,-28.357999192534965,-0.5869011632182355,-8.42619800499394
2001-02-10,9.15425832211721,-29.381610131378462,-1.6697864428171003,-9.254152994701125
2001-02-11,7.538148494561086,-28.432194392270013,0.1539669868309892,-8.957861389069166
2001-02-12,8.277068963415262,-27.649498776669933,-0.9339160036065988,-11.082452238141316
2001-02-13,7.811320153187509,-29.223272530400255,-2.7409574166808044,-10.79863788436863
2001-02-14,8.778186946818366,-29.4921087535681,-3.0040484203745996,-11.267467674012293
2001-02-15,8.493514595525088,-29.416718350213316,-2.4410740349649505,-10.936451318529567
2001-02-16,7.419141171621526,-29.21133308105072,-2.211656629783301,-10.568926273597958
2001-02-17,7.012769836804366,-29.721031105983002,-2.143377523791992,-10.275602399345345
2001-02-18,7.915120771431963,-29.448579662734637,-2.7669938824514135,-9.29608595132027
2001-02-19,7.977924376087192,-28.723681973742178,-3.898786390498848,-9.59314029880187
2001-02-20,8.243421775648374,-29.770832999301405,-2.9953277665016684,-9.97013182429679
2001-02-21,6.96599345176969,-30.86928787697258,-1.7771739297693185,-10.32158791219784
2001-02-22,7.379480190618622,-30.73753345194055,-2.844608391262921,-11.601595911417952
2001-02-23,7.26768998776951,-30.80982699556783,-2.5536827111784937,-13.068598481573837
2001-02-24,6.153279561939856,-31.253377173060425,-4.147786644366728,-12.287104348486169
2001-02-25,7.938737375114492,-30.670396255561858,-3.4601640006540784,-13.688503347308801
2001-02-26,8.40208697587764,-30.92326923847029,-0.7116334957395476,-13.11137824535205
2001-02-27,7.547770569888444,-30.61111017736728,-0.32329547030611716,-12.153266228362975
2001-02-28,7.790206196581355,-30.83933373099637,-1.438814199693605,-12.036562342277085
2001-03-01,7.215664261267417,-31.905501701117903,-1.2336645246214086,-10.471593164409647
2001-03-02,7.571270532115467,-31.242414927622328,-2.1831428678599925,-12.121398564090764
2001-03-03,8.121793235613902,-30.590804508933516,-2.6067049931069444,-11.991763721513037
2001-03-04,8.35184326807041,-30.848529992985867,-0.8239296089426571,-12.480654490246657
2001-03-05,7.055059633136116,-30.05744908085454,-0.7279671710645219,-11.24510428670393
2001-03-06,7.50837968336804,-30.12143983261967,-0.8337611692968279,-9.727953756262385
2001-03-07,8.028780327687608,-28.848055892145446,0.10680289224536887,-10.195410828617488
2001-03-08,8.462277371557748,-28.105843390188653,-0.28594151201191853,-10.175255354531165
2001-03-09,7.0951340172157975,-25.66956823603687,0.842310174380367,-8.892785072046749
2001-03-10,5.5544337153898065,-25.194862553153172,0.9093185841959918,-8.632105948480387
2001-03-11,5.942554836662076,-25.206245532339306,1.579087800920987,-8.537770975257223
2001-03-12,5.317580982677404,-27.498177265066317,1.2853777340250487,-9.008681718559439
2001-03-13,6.344821894277192,-27.069119825358843,2.3797206058876204,-9.131906173921243
2001-03-14,4.58962437488289,-26.516376489531154,2.129921742124419,-10.079105650953391
2001-03-15,3.861393979384148,-25.268023959233883,3.0571423467101138,-10.341924966592693
2001-03-16,4.512367296738564,-23.127879016117795,2.2298965902302363,-9.168353664683355
2001-03-17,3.7693397756840654,-24.211848479563567,3.5405594708607575,-9.457103644259835
2001-03-18,4.508575527642484,-26.234583121330076,4.409092004549917,-9.440447526268397
2001-03-19,4.088276440064114,-25.884051824900514,3.6271118144753234,-8.9564826006842
2001-03-20,5.632110191003605,-24.824064860666237,2.4291715952591786,-9.706342640000692
2001-03-21,6.6860616972164655,-24.245033507936128,1.6676437887051856,-9.007393087087308
2001-03-22,7.772354583584727,-22.2826741815988,1.4967217932868342,-10.552548128461074
2001-03-23,10.370980600836143,-22.691045536995244,0.42225769199289664,-8.589520349212554
2001-03-24,10.053158984535456,-22.48379249894821,2.2629425093847084,-7.889413585057274
2001-03-25,11.662115424219671,-20.538713930813497,1.3330067451918448,-6.396379811973551
2001-03-26,12.231774139199166,-20.830673096816273,1.9651114882850709,-8.098825054844935
2001-03-27,13.260184826981396,-20.967125791440395,3.3879523002582266,-9.331600603452763
2001-03-28,12.43229811644765,-21.997867748107115,3.038829409487127,-10.103617873915756
2001-03-29,15.237395643307277,-20.669048979862595,1.446098537900016,-10.570960748419575
2001-03-30,16.159228353554177,-20.052012795489894,1.2148429056692938,-8.93423417280643
2001-03-31,18.042701438303272,-17.062112874029996,0.40269134352486124,-9.228955454519523
2001-04-01,17.080512616254545,-18.624441022376015,2.0214126665114818,-9.297137886614184
2001-04-02,17.387867917941886,-20.112929576951892,1.866495387766902,-10.032248009090992
2001-04-03,16.308382387028825,-20.051875324692844,1.6130371020291878,-9.119676924084763
2001-04-04,15.543501170940093,-20.08154633859274,3.508213071302549,-9.788267314054144
2001-04-05,15.684236165347814,-21.891568852474567,4.592669987878422,-10.212916688350427
2001-04-06,16.078224038327477,-20.496233423738925,5.124387867209638,-10.710068501000853
2001-04-07,15.835758625727317,-20.301165011545063,4.853187839938357,-10.832723289079548
2001-04-08,15.127844819150466,-20.17447183400363,5.262330526396832,-12.264590914672656
2001-04-09,14.447794850609448,-20.00278046684979,5.728982783267258,-13.120094709190592
2001-04-10,14.777247269756128,-21.025815583079197,6.848054586836305,-14.261937249001905
2001-04-11,14.808185492704961,-20.57105645099331,8.525687358393636,-14.213584524421309
2001-04-12,14.346585403495151,-21.426386109738303,8.177486991252115,-14.67656694424335
2001-04-13,16.67054559166379,-18.741153197011034,8.527773146130055,-14.051590829401338
2001-04-14,17.10672150394842,-18.43356760138445,6.294595344904607,-14.141870425843564
2001-04-15,17.181671970210125,-19.57000075621228,6.958190476911749,-14.34719732618451
2001-04-16,16.75649089803291,-21.68779160542992,7.645965891622015,-14.157954069436618
2001-04-17,17.168670021778585,-21.548572059095903,7.628073567364901,-13.743869835606972
2001-04-18,18.856685991862513,-22.68336089217894,8.09555378285485,-13.924561795424246
2001-04-19,19.604750400589566,-23.637133291878452,8.794829974974105,-15.599556975221654
2001-04-20,18.753355734464463,-22.923827862446462,8.086239416179241,-15.956048686155361
2001-04-21,20.39212698782263,-23.319978240306206,7.773843913717922,-15.565997306498682
2001-04-22,22.137551549496443,-24.035597651032862,6.431996644606641,-15.952046251670254
2001-04-23,21.75725450880094,-23.40256221893225,6.528810142432664,-14.701046690303365
2001-04-24,23.20222588719533,-22.7304956910856,8.531924607511623,-16.002381669530216
2001-04-25,23.163674505691848,-21.56705975790402,9.32577023084016,-15.783821226149112
2001-04-26,24.15049792566707,-21.277272844574654,9.308370486060879,-17.07071627006683
2001-04-27,24.324573990520793,-22.106746389746426,9.615241109574717,-16.293873917460783
2001-04-28,24.076129178944676,-21.37116072442569,9.441050896160446,-16.35602545251907
2001-04-29,22.612251844041175,-21.0165798512843,7.837781428845105,-17.006653302464933
2001-04-30,23.373942899531283,-21.577981214791844,8.139027236518098,-17.822400818422462
2001-05-01,23.79349819222133,-22.14947529193286,8.927863552893857,-19.308239088753
2001-05-02,24.706543582087907,-22.51067658817218,8.333723129898308,-17.929846409240415
2001-05-03,25.191663912690945,-22.10415529777115,8.629227168633001,-18.167084560621504
2001-05-04,25.67523369260785,-22.763043591208255,9.105717375331187,-18.932297979128077
2001-05-05,25.639562647628768,-21.95402478376859,9.262412607222162,-18.338684574997455
2001-05-06,25.527859822504002,-22.613576777298807,7.860702328307476,-20.280192399978155
2001-05-07,25.050415454300758,-22.201434635790417,9.606348633717195,-19.197659689286777
2001-05-08,24.692085356242917,-22.024683055462123,9.247387901715932,-18.31815987322901
2001-05-09,24.741062126350347,-22.073747094522894,7.546390213387952,-17.049830004779025
2001-05-10,23.46473652349095,-20.70975665029994,6.659939970562432,-16.624432268929773
2001-05-11,25.32203524258248,-21.948337387081214,4.985573465565884,-17.521311651932898
2001-05-12,26.667467447391275,-21.13398297313998,5.229895554891275,-17.16618719013207
2001-05-13,28.232390017499366,-20.52209690096574,3.8879568871619394,-16.842360332087857
2001-05-14,27.805129518007103,-19.856155195216562,3.1761918925118056,-16.155246719373416
2001-05-15,27.87066124458011,-18.393187889851852,4.184758022340999,-15.354378541842475
2001-05-16,29.545701919241342,-18.192125044393652,4.490246355302931,-14.919560008393914
2001-05-17,30.628196493918754,-19.655910554678744,5.869821244979495,-13.439053295611506
2001-05-18,30.481490238939067,-21.80376448182694,6.824352153814403,-13.519405202317
2001-05-19,29.364021383059352,-22.98385937648461,5.1717443751099115,-12.58839734493687
2001-05-20,31.76866087729855,-21.93305648979062,5.920654592545606,-10.486037389848281
2001-05-21,32.921842492661035,-21.590830217090236,6.5380269478990805,-9.205735287392063
2001-05-22,30.898308578306413,-21.675592669444033,6.763134982991476,-8.940386270326352
2001-05-23,29.870171855648618,-22.45598078290739,7.251666859179507,-8.08386672781169
2001-05-24,30.303211136163274,-24.728441792004972,6.886532010152638,-6.035688432514051
2001-05-25,32.461095227533,-26.368827128867864,8.217948099410767,-5.878792381021706
2001-05-26,32.54831741809227,-26.132406478009106,8.28794072804254,-5.5466104780810985
2001-05-27,32.896426096339226,-26.353445049000193,8.8095106051606,-6.030226754834715
2001-05-28,34.11960170686274,-26.911950659097297,9.21396069227206,-6.1613535131262225
2001-05-29,32.67794094944573,-27.125189499260053,9.162672050921369,-5.580810617588279
2001-05-30,32.608146198315744,-26.968471698315486,9.705550918765429,-4.428466602822365
2001-05-31,33.48839432851129,-27.956290509974703,11.816166788036876,-4.39248800585219
2001-06-01,34.743928700704856,-27.661671229441286,11.852306101365516,-4.917016685056813
2001-06-02,34.696079349820955,-27.993409372354005,12.634043686752962,-6.672213245399824
2001-06-03,35.22876737874449,-29.308062137546255,12.179390874866554,-7.2938021787526
2001-06-04,35.32001821236657,-26.526069719964905,13.19976542910967,-6.654859979853203
2001-06-05,37.74458890392928,-26.132573971877726,14.28810971153207,-7.529104828777766
2001-06-06,38.28565352101797,-28.12318786504862,13.625939846710004,-9.819606239459516
2001-06-07,38.55028403093771,-27.64199606656102,14.314490089322533,-11.34901496106006
2001-06-08,38.859209308149524,-26.971714518104253,13.068437677819563,-12.050871836386806
2001-06-09,40.67652979381542,-26.694192292426234,14.152678287356345,-12.153498406297725
2001-06-10,41.206604714776695,-26.03993642665145,13.81131143168536,-13.007171675979285
2001-06-11,40.63273590182851,-25.70335639177316,15.095052318520693,-12.808846929526759
2001-06-12,39.543566573042035,-26.755885300316198,15.097442155848759,-12.728769740860804
2001-06-13,38.11844202624656,-25.624226064679828,16.58450542676929,-11.650724392979694
2001-06-14,37.29374990819956,-25.713207667468488,16.288859019720356,-10.58718876175162
2001-06-15,36.233191347580934,-25.888341943040736,17.71009618329585,-9.532459139409543
2001-06-16,37.33672706786791,-24.402628597584727,17.87189136789221,-11.58110061258257
2001-06-17,37.303176728553936,-24.3359983540523,15.038543443931726,-12.73713235281201
2001-06-18,38.132942115436144,-22.53882076524021,15.179669350695292,-11.247308282113341
2001-06-19,38.74679721485368,-21.751397738669205,14.336063084068881,-11.131429149681084
2001-06-20,37.328952073141835,-20.22648862610158,15.452025211865447,-10.055685463484062
2001-06-21,39.23355895340279,-21.604293588358665,16.048693122663295,-8.89148554606347
2001-06-22,39.66291410872529,-21.950938253264745,18.410681949082424,-9.125083489634529
2001-06-23,40.941491264170736,-21.890039318566387,18.077724210872937,-9.425204116725336
2001-06-24,40.14173802342334,-22.107410849766236,18.043405009377807,-10.691820951788522
2001-06-25,38.691490553347826,-21.208406607965042,17.815276977882892,-10.662589106727857
2001-06-26,37.49261129765909,-22.03201120154665,17.727210902888388,-11.586101822129661
2001-06-27,35.45010535770938,-23.170903050539223,18.432778356641318,-12.132387001781
2001-06-28,35.88772549525217,-22.97557423067388,19.49440668765596,-11.826720378743445
2001-06-29,35.30006107430229,-21.249059443387463,17.902865808232363,-11.083159014724096
2001-06-30,34.06926241676466,-22.209490110878818,17.417616435555683,-10.446520045938017
2001-07-01,33.68454030241269,-21.236258148642392,18.75048020710701,-9.806588397355188
2001-07-02,33.65465186096624,-21.498674641320854,17.39970875835879,-8.369183130544922
2001-07-03,34.139900485900476,-21.460272088398806,17.904786714372253,-6.069726686857454
2001-07-04,33.46031261976394,-20.67962320332105,17.74787836222512,-6.088298276388816
2001-07-05,33.3076331087469,-19.84530209191301,16.837106591911105,-4.725225647374857
2001-07-06,33.31023415946466,-19.43136410207735,16.21306047209675,-5.7369836733992186
2001-07-07,33.201506419737214,-19.44928251528785,17.48817162470338,-7.41436415946837
2001-07-08,33.178083725523436,-18.10125245591507,16.304513002529546,-5.926037517432796
2001-07-09,31.94826468469799,-18.057467144395233,17.682069782926575,-6.8349760847791705
2001-07-10,33.37255374385098,-17.772134146463927,17.57349159706794,-7.407618776078365
2001-07-11,32.88447568586672,-18.798413263269136,17.537020996515967,-6.085313911170381
2001-07-12,34.24125158980214,-17.8045157293178,18.008820926665216,-6.557419157089895
2001-07-13,33.77096099882491,-18.047779909537482,17.271236952241313,-6.880103980478164
2001-07-14,34.42311544181037,-15.876703191642836,16.34969454208431,-5.93212637338017
2001-07-15,34.36420304255603,-14.527117956965771,15.279358605335824,-6.579121807149254
2001-07-16,34.172831555704335,-13.561949012616024,16.041315105092085,-7.736720766134174
2001-07-17,34.79270830127843,-11.7398195306216,15.846470534601007,-9.351431195365613
2001-07-18,32.60715301657398,-10.756792484079051,16.758063621453054,-10.160604862156022
2001-07-19,33.059700851934714,-10.499990481602879,16.412942403290735,-8.915951756425072
2001-07-20,33.17161436523096,-9.114323673663225,14.604819964314608,-9.475264535875716
2001-07-21,31.734077360312536,-6.98942296769878,15.407612704838595,-9.71969288561936
2001-07-22,31.13844277397665,-6.764425209688155,16.190881421264354,-9.076714797801008
2001-07-23,32.68800542556242,-7.490613600606726,16.138014543263044,-8.58669314806992
2001-07-24,31.56772752232407,-7.521289874293916,15.993658182870332,-7.776804869609245
2001-07-25,31.650749454775823,-4.866993465546102,16.31756456318851,-8.242135232698761
2001-07-26,34.12688378176907,-4.080705190412128,16.701945347443033,-8.369798572816743
2001-07-27,32.82904163130204,-4.96751332108242,17.364722776826376,-8.926955262662009
2001-07-28,31.431982338989478,-5.246496846881338,17.42532485494578,-9.144279126639619
2001-07-29,31.62168035940504,-6.453559325998691,18.31087942010526,-10.584824745441738
2001-07-30,30.980903620584552,-5.583456214340205,19.422393290277686,-11.38075753473881
2001-07-31,29.94493911953277,-3.499985220326837,20.668222341504702,-12.752735920132793
2001-08-01,30.284972924805526,-3.892531335748036,21.975099364965597,-12.85375212045658
2001-08-02,31.73403485064294,-5.079438885091905,22.11993609454597,-13.782900361283868
2001-08-03,32.07657473639281,-4.911635752975011,22.057828937942354,-14.61201146536119
2001-08-04,31.126440384779524,-3.232083528146189,23.788452263445677,-13.604406446885552
2001-08-05,31.4357295167389,-3.2146912698735615,24.49252078802476,-12.91563941372608
2001-08-06,31.391116901984645,-3.4141717535183584,24.577404571110122,-12.25584826170135
2001-08-07,31.662893790620025,-3.1461260748909927,22.589658619759522,-11.630486376447708
2001-08-08,31.832894600690164,-1.9320223974476018,21.483369499919913,-10.705102811169287
2001-08-09,30.571260135193455,-1.469260121750305,18.780015288948178,-11.57478265374257
2001-08-10,31.027598428897264,-2.791158145929762,18.752772222573533,-11.168013887233021
2001-08-11,30.118446262181173,-2.25831931107565,18.70733701602368,-10.931367121215814
2001-08-12,30.438530728447393,-3.0871860206206394,19.824419402863917,-9.799326864538873
2001-08-13,30.701131281899702,-2.287705491191176,21.28145068083306,-11.869135578352992
2001-08-14,32.20075671534969,-3.164954328988913,22.455269218885782,-11.518053427507498
2001-08-15,33.016207353325605,-4.363647394410839,21.19975531932121,-10.608638531547886
2001-08-16,34.52084433505009,-3.464594299057045,22.28566626660001,-11.476930345152399
2001-08-17,35.54180463857665,-3.302324591767987,21.152156890650023,-11.924999718375863
2001-08-18,35.44374642329078,-3.9402500436586054,21.667825641738695,-12.916763221762334
2001-08-19,34.15154570734545,-4.394366220159575,20.132581958806604,-12.761982207361871
2001-08-20,34.12002804639062,-4.04766318557331,21.290309645713847,-11.229757867458309
2001-08-21,35.58102609646837,-4.2123551529203205,21.98901178815233,-12.465055180407681
2001-08-22,35.79630213381003,-5.526673876337223,22.04122783926108,-12.342618929013895
2001-08-23,35.20668658069515,-5.923835144240368,22.23482499951821,-11.794147436612889
2001-08-24,35.8059412700043,-6.444131203834006,21.10547075789672,-9.658137224861632
2001-08-25,37.05024653842384,-3.881983087874198,20.402937215388945,-9.626028307290424
2001-08-26,37.72620184588936,-4.6649721076640525,19.082698367524454,-9.767730914165128
2001-08-27,39.50858107962971,-3.7642422018669865,18.37319601348755,-8.386503246493577
2001-08-28,39.37208521962375,-4.4513256515801,19.943511605696035,-8.176063729061957
2001-08-29,40.37586002039018,-3.8384709728879853,19.899120235275145,-7.129281461224607
2001-08-30,40.41162930624071,-3.0117532565266143,21.585254533249405,-6.379311463442543
2001-08-31,39.355860311818915,-1.9479727412774404,22.73336412063446,-7.912939913246597
2001-09-01,40.163218436755606,-1.5252105805937677,22.443130818625654,-8.847820368260928
2001-09-02,42.58748117302671,-1.215904204713864,20.140472906497926,-8.193379449729964
2001-09-03,42.5765397597282,-1.6848356572484298,20.970721894290016,-8.264931040625315
2001-09-04,42.90432793329242,-1.1546044516483043,20.92662510918098,-9.794159396875958
2001-09-05,42.9014781068437,-3.2302102233212393,21.31800765736798,-10.762769510463022
2001-09-06,42.47737564155626,-3.7199063004971613,19.973345226513878,-10.95794548718461
2001-09-07,43.36170129273407,-4.2514225818923945,18.433899599829846,-9.64731918171478
2001-09-08,41.94574831706044,-4.251735240531083,19.077068503350816,-10.599612957954621
2001-09-09,42.19978648298629,-3.169329605655777,18.14950657309716,-10.577327991598896
2001-09-10,41.799304639764415,-2.02035707837402,18.07932539822201,-10.933577144469421
2001-09-11,41.164111133598375,-2.503180908074468,16.41488719243597,-10.466930587393055
2001-09-12,40.59742738385763,-1.746931171817609,16.661575946077498,-11.853611186330205
2001-09-13,41.25837385052316,-4.066337420663608,15.261434721202287,-11.163436753410547
2001-09-14,40.61535401229299,-3.7703430417902233,15.640987376944272,-11.099962478706107
2001-09-15,41.500066165976804,-2.7758386455148423,15.389943865307625,-11.655669906332106
2001-09-16,40.429753381145815,-2.5119310752745716,17.218447336860255,-10.760047823387522
2001-09-17,40.75381933932519,-3.3702118227414015,17.902617304126096,-11.250626667211765
2001-09-18,40.13581353945959,-3.635252510897628,17.56754907871381,-12.970512845699005
2001-09-19,41.28509052902209,-3.5905920045349666,16.89684457911236,-13.224985485045021
2001-09-20,40.6252991646211,-2.6473919305481033,17.664784498082824,-12.855250571085334
2001-09-21,41.09349016219082,-2.8940527976281185,18.199998910356125,-13.700143474462415
2001-09-22,40.46099392896197,-2.0512027515471676,18.41227343238825,-13.484554138728546
2001-09-23,40.45081297725838,-2.7446451672875507,18.710504781753198,-12.911054512300112
2001-09-24,39.74244470144908,-3.7191433848705087,19.8557912835575,-12.832965973537895
2001-09-25,39.53501935398289,-2.658622816731292,19.714570054059553,-15.243867839791243
2001-09-26,41.01764146152244,-3.0989832281771506,19.85026071235517,-15.960322245780318
2001-09-27,42.15601053931486,-1.4394452379900338,21.288204855100044,-13.921125660094528
2001-09-28,41.61553933485172,-1.6508498790707997,22.862383226090472,-13.232640851461962
2001-09-29,40.85623430161331,-0.9329233316295036,23.444509322618078,-12.71177030325652
2001-09-30,41.71324786474028,-1.444353423570847,23.574242281824596,-11.98012312205081
2001-10-01,42.78115713673301,-2.167813382430288,22.679506617850265,-11.529867550871538
2001-10-02,43.64641737763604,-0.5131830356141776,23.070105457443876,-10.858821592750068
2001-10-03,42.688402151493875,-0.09503618677512793,22.561905048886246,-10.319586513748387
2001-10-04,42.461206193232336,-1.0904933618647616,20.253967171421145,-10.249629028963646
2001-10-05,42.082767809471484,-0.5984341979799852,19.76549574125123,-10.328440325046873
2001-10-06,41.65630362651774,-0.3528305701848704,20.027383559093245,-10.325694677259328
2001-10-07,42.3026467153941,-1.0876803192249038,20.309456839774835,-10.060374886403606
2001-10-08,41.298757646635345,-1.510645521604687,20.661462377080724,-9.066538158713898
2001-10-09,42.33345810303379,-2.570013189732014,20.203071010098622,-9.449826706547261
2001-10-10,43.85193124261224,-3.4812298110397535,18.448164677122104,-9.163583922801344
2001-10-11,44.351306383471105,-2.868719939431325,18.239977693294698,-7.748298356341191
2001-10-12,45.50303758793627,-1.1936358424182545,17.56843152280574,-7.337846168883556
2001-10-13,44.40596822754578,-2.6855156916871694,18.84339308931434,-8.622643959937992
2001-10-14,44.09177614642275,-3.5626890773468975,19.110701336114033,-9.871211215863337
2001-10-15,44.979675590667284,-2.977462560003572,20.076994585872658,-11.247308746342647
2001-10-16,45.302772943346575,-1.0202295242914867,19.359878816963658,-11.120527726286893
2001-10-17,45.44353647278393,-1.096892776003755,17.372922055285947,-10.610536452006148
2001-10-18,45.48373607599137,-2.429558804043638,17.59587058439421,-11.866977143368862
2001-10-19,46.609390113803485,-2.246250672626642,19.235520942863598,-11.739705107771195
2001-10-20,47.380356983288465,-1.3927375385072365,19.52579581446834,-9.693390973088384
2001-10-21,47.538399077265666,-0.30310345267666605,20.460187385663424,-9.554186397652334
2001-10-22,47.8155261714182,-0.549585550858728,19.78673763364748,-9.08867091193002
2001-10-23,46.67207351689677,-0.8581494812011647,20.295533856205612,-9.252471842541276
2001-10-24,46.34766883039917,-0.9871166286550778,21.686166928785283,-9.612303496150844
2001-10-25,46.54671980876893,-1.010757692527454,23.068599152259022,-10.697812762179318
2001-10-26,46.0804775073511,-0.25928811725424084,22.89559272999514,-11.6991662835675
2001-10-27,46.3793134545128,-0.8067711831502604,21.554921156186907,-11.44832170483167
2001-10-28,46.02449044762852,-0.8339947289345926,17.685493619080972,-10.618544163752922
2001-10-29,46.14155606305612,-2.256486807118317,17.671875785074377,-10.891382219452419
2001-10-30,46.9124539174909,-0.8408081155145324,17.92519411787403,-11.303014688025545
2001-10-31,47.12112280700116,-0.8878476059092747,17.849150455905995,-11.475066022546036
2001-11-01,46.289610847207996,-3.2680426012318526,18.270286115023023,-12.543600158000613
2001-11-02,47.27357091741609,-3.7817266433709964,18.411163991215357,-12.185338550712213
2001-11-03,47.01313347893425,-3.062047207705822,17.199544600973578,-13.299200772018935
2001-11-04,46.9670973561842,-2.7284432369000196,16.77437272468966,-13.187599171314615
2001-11-05,45.861056118657494,-2.9800625369196005,18.199647760627386,-11.990098596493038
2001-11-06,46.133106398465614,-4.509865025889936,18.76101207307287,-13.803773282659115
2001-11-07,46.51007147491189,-3.3869145680618704,20.05639071642051,-14.026560736362722
2001-11-08,48.03198687864991,-3.461557089647612,18.89572126921676,-13.52620796754011
2001-11-09,48.30706507223936,-2.899802532259683,19.34278088213864,-14.030985074214025
2001-11-10,49.72407070835373,-2.902392930768758,19.280273749931837,-16.792778177132917
2001-11-11,48.878957523414414,-5.225592117906345,19.89142249677752,-17.979433747284766
2001-11-12,49.44966390123363,-3.690847734743145,20.27853600877846,-18.988109448030475
2001-11-13,49.85559021516296,-3.3456320718068953,18.917198843933956,-18.515899775793855
2001-11-14,50.51839666404424,-2.9760406374923836,20.725977068100473,-19.32422320527033
2001-11-15,50.52958827226721,-3.4928722150456375,19.32298248936902,-17.918268330714035
2001-11-16,49.61297760251586,-2.8866702570286886,18.528351775032345,-16.752672836858768
2001-11-17,51.62604033028905,-3.0157716586006433,19.22136094726495,-17.614589407830618
2001-11-18,52.39455914003413,-3.2278621990821503,22.228994315226576,-18.060735494206313
2001-11-19,53.362005010789375,-3.3014021205262396,22.56379583962164,-17.981257266929514
2001-11-20,53.421649915763254,-4.496527960265453,22.6876689354193,-17.148683750790262
2001-11-21,54.52661939995268,-4.244917589286974,23.520542816835537,-17.794006582725718
2001-11-22,54.07703344546851,-4.301502739149457,22.14896057795261,-17.29921128070416
2001-11-23,53.26269163127957,-4.365337513313312,20.339274661315,-18.272979261570057
2001-11-24,51.522268061530454,-3.953583251373334,20.94697925160342,-18.586481462037632
2001-11-25,52.04798372384163,-5.403919123241054,21.96063247894422,-17.859037668783902
2001-11-26,50.85666330447141,-7.194994580022762,22.782963685488028,-17.308478803108937
2001-11-27,51.26461161960951,-8.801534285117611,23.513616151555308,-16.550469544540157
2001-11-28,49.92299867613664,-6.702169198949541,22.701794176678703,-15.669068856113702
2001-11-29,49.989514975115235,-5.226298899567458,23.171390093850636,-16.8541306175071
2001-11-30,51.10024754610508,-3.5065419678719376,22.20197145169073,-17.004606509672524
2001-12-01,52.14918393869281,-1.5064045359215537,24.078290265107196,-16.281061227725615
2001-12-02,52.2557641405727,-2.715925565978857,25.6467384205953,-17.28895573720554
2001-12-03,51.86535204814455,-1.9411405277560556,25.575207715692883,-17.468929987097635
2001-12-04,53.02966358859181,0.11943037424161673,26.55236744696391,-18.921215129333923
2001-12-05,53.42231561948857,-0.3936135958738821,28.625375557549408,-20.057047034304258
2001-12-06,51.68230021726615,0.8396491021448006,26.44490354066977,-20.55457285666614
2001-12-07,51.71893398072377,-0.3988673502068859,27.98964256906759,-20.77276609671724
2001-12-08,51.845132434378414,-1.1081320215855484,28.72526466284773,-21.429173940098647
2001-12-09,51.58613704886654,-3.448865874211621,30.747962383647113,-23.550889367853753
2001-12-10,50.119984545450365,-5.708081185555251,31.591161647857795,-23.305888214921584
2001-12-11,49.56404287396702,-5.556476493110543,31.776147228739838,-23.483688067870833
2001-12-12,50.53370065125599,-4.947263582548297,32.72505274817822,-24.7992328793746
2001-12-13,50.40056984559859,-5.571902873429083,32.94515209074214,-25.22177630636099
2001-12-14,51.137590913354394,-7.723278644676332,32.58582321915756,-25.886181984225715
2001-12-15,51.75226733594998,-7.469021915745463,31.457879208022526,-24.969693906307775
2001-12-16,50.58835723442398,-6.268392480639374,32.77236296310211,-25.907106004542232
2001-12-17,49.04282143818568,-6.437580204215915,33.05952060949515,-27.79151021276233
2001-12-18,48.15068996355793,-5.979362854818897,33.69503821728946,-29.26753854398138
2001-12-19,48.51266931240356,-6.280842785777148,34.05452196720115,-28.592683352853346
2001-12-20,46.34853599744354,-6.653979637892285,32.22145924408454,-30.839308179515434
2001-12-21,44.88667896059563,-7.352367013861858,31.160795089094226,-31.310133119422
2001-12-22,45.07012115787206,-6.926526506813726,31.602482572949082,-29.877200658620307
2001-12-23,44.23368466501265,-6.623532836537025,31.83817603633902,-30.452243823151086
2001-12-24,43.84062897373731,-5.907385483041313,31.997453640499472,-29.831340893563763
2001-12-25,43.65760459612183,-5.153174410999945,32.0092579020607,-29.616702459000603
2001-12-26,45.742932198064906,-4.432299644137811,32.11361067547466,-29.919131412769715
2001-12-27,46.262735834731416,-4.093027109110968,31.98013060345485,-30.996011525217753
2001-12-28,46.045100679328876,-3.4118074758114307,31.61183738144928,-30.198933798024388
2001-12-29,44.88379388323321,-3.19954858508852,31.28111748021959,-29.400750472246315
2001-12-30,44.310189752948375,-2.6137058878903288,31.28074266906041,-30.497971401235382
2001-12-31,45.951238342317446,-3.3707309453428875,31.367327216501607,-30.356699213378665
2002-01-01,46.18072950308101,-4.526492565157005,30.608690596177237,-30.288871324362344
2002-01-02,45.683674176810996,-3.868152025247057,29.771561517914776,-31.676730956128985
2002-01-03,44.097065424967006,-4.457252005000507,27.96639398861811,-32.80198704618554
2002-01-04,45.40066470066685,-6.387572628473154,27.277420131546208,-33.337477973036314
2002-01-05,47.63616437332669,-6.244392465426937,28.06951299463831,-35.14357635472142
2002-01-06,47.32987168191467,-7.750464517380042,27.488132764197033,-33.570310968491945
2002-01-07,47.87664728895852,-7.544147643471257,26.580997390269452,-33.13136937620157
2002-01-08,47.521297289351025,-7.560852900177923,25.62455746872698,-32.678066428321344
2002-01-09,47.3065166677946,-8.228308887418951,26.24723320096988,-31.920890009004232
2002-01-10,48.17170217450544,-7.000856610154926,23.820301432482644,-32.07783862315512
2002-01-11,48.0257654190607,-7.282886642565036,22.98076126571836,-32.99033175725368
2002-01-12,48.41512598945937,-8.066765810469255,23.226490326141594,-34.78583723829336
2002-01-13,48.645658963295695,-8.96153018316079,22.260294777964234,-34.762897158911926
2002-01-14,48.972043224743274,-8.54922898169427,20.87516091401692,-34.42496033717235
2002-01-15,49.48219005853186,-8.750803700249062,20.46693887404711,-33.969091484022435
2002-01-16,50.42208187309078,-8.461605842653395,21.35312541568649,-34.00017034381983
2002-01-17,52.567941770952054,-8.047262103140476,21.832117076194148,-33.49043870198671
2002-01-18,52.20247387148497,-6.8056082408910035,21.105667452515753,-32.641613878569025
2002-01-19,51.72620039168155,-6.867309463186709,21.775748800533044,-32.96462482127608
2002-01-20,52.94235727185675,-7.316244138077559,21.76942661020602,-34.744089212155906
2002-01-21,52.039667276487506,-6.014694162397399,20.79548621761771,-34.68484403477098
2002-01-22,52.41950328986308,-5.890984480110111,18.7396924796024,-36.81619754011173
2002-01-23,51.2904768294042,-6.335121740567224,19.366183517286625,-36.824470660887
2002-01-24,51.096792035113644,-6.280783334977209,17.908740791464663,-37.94158845012359
2002-01-25,50.637428247878496,-5.0731884800665785,18.309946562957524,-37.36825812817326
2002-01-26,50.0460442210892,-5.280146745012771,18.45130032052358,-37.02728625824076
2002-01-27,51.05771817306684,-5.214504620475668,19.255944282318513,-37.47626951210052
2002-01-28,51.16758982122988,-5.851696652137848,22.363726510236543,-38.5498355903547
2002-01-29,49.72609124990953,-5.451834715836831,23.62178094776218,-39.84660894728303
2002-01-30,50.30816144404484,-4.56423013642433,25.327449566701222,-40.03178960457597
2002-01-31,49.88800776310401,-3.8294141808336315,25.347037752702256,-39.326496485384936
2002-02-01,50.206170632396784,-2.265051330961499,25.08575136117694,-41.74849385879448
2002-02-02,47.79560880297314,-2.1818129666129757,26.812105270081062,-43.15510240817441
2002-02-03,47.47765989070419,-3.2673435997195264,29.28259021131437,-44.56095538812407
2002-02-04,48.43685301052901,-2.477428615960653,29.4727992366887,-45.79160543578346
2002-02-05,48.17780479475347,-0.5264463596635227,29.237966105142547,-46.74914256987649
2002-02-06,49.03414998689906,-0.8848067610625034,29.74257909720858,-46.42035396598533
2002-02-07,50.14120952809427,-1.0138382763637617,28.84817689853167,-46.609934304213866
2002-02-08,49.448026812030974,-1.9785012002396858,28.048063638212003,-46.737221764137395
2002-02-09,51.36819875837412,-1.3182574871478532,26.78037728578765,-47.10356931440022
2002-02-10,51.27037574149678,-0.8817838370432514,27.940878732639774,-47.82110859500475
2002-02-11,50.96060013028795,-1.1077885293935539,27.467095999486883,-48.02252863399823
2002-02-12,51.250290327890745,-1.2590178079785346,24.78425948590382,-46.68884614409038
2002-02-13,49.70130725247385,-0.8165277724936908,25.710241168483066,-46.27360399041097
2002-02-14,49.21073531929017,-1.3929551120625523,24.821639522604258,-46.75791079139536
2002-02-15,48.7784471719419,-0.10145841882388451,23.361114486730017,-45.845551099889015
2002-02-16,47.76702286093392,1.2285843154516038,24.284764629715912,-44.31722268201786
2002-02-17,47.641517319160904,-0.31404758945707667,24.48344695473652,-43.992545901476426
2002-02-18,48.71909396746496,-0.7208109771481033,24.995299479289994,-42.66645621747707
2002-02-19,47.68304596353797,0.5324252465825641,23.811729415230943,-45.591062373229015
2002-02-20,48.22924285444776,-0.14034980299100464,25.0900897856155,-46.94682280149122
2002-02-21,48.12413620998587,0.23272145402974886,23.637410623402154,-46.007351496649115
2002-02-22,46.387703515910204,0.6701151052522369,22.9964284881317,-45.77745041094648
2002-02-23,46.069059879421886,0.8340254536910208,23.73800389787017,-45.07535740745172
2002-02-24,45.44299142550243,-0.12549021676258176,23.659825595484506,-46.24068474407111
2002-02-25,46.19071013207393,0.07071038646956843,23.91981425913548,-47.165411073997056
2002-02-26,47.89061820039596,1.176584613499907,24.006532710831976,-45.181734338168674
2002-02-27,48.55913457142858,0.14087382783932245,23.114625761891606,-46.46607201484754
2002-02-28,48.705571388334064,-0.9714871932214197,22.814482771097076,-47.16437371599263
2002-03-01,49.25030642615644,0.3366462612840069,23.12925282550343,-47.79703419922376
2002-03-02,47.56135787959096,-1.00253348951244,22.785230728333847,-48.72494112247746
2002-03-03,49.45042279731804,-1.7998403219715953,22.640688728745154,-49.67550872927732
2002-03-04,49.85280839659453,-1.176490158678406,23.799208003139338,-50.100815196907384
2002-03-05,48.93590597784864,0.665085590072465,22.951425069313526,-51.597058134780966
2002-03-06,50.20983528354761,0.354201988077222,22.39934279130671,-49.71427218001193
2002-03-07,50.60705758788665,0.5231475433550835,23.649930263806283,-49.54187741626364
2002-03-08,51.54518298194812,0.5878349360464105,21.575446482941757,-48.574445928709565
2002-03-09,51.877774803258475,-0.8675363848901262,22.135609483074088,-48.08655061212093
2002-03-10,52.2143337382253,-2.3779593671373482,23.293686337299505,-48.52930675849981
2002-03-11,52.86739912209141,-3.310166450876208,22.52014652185878,-48.005320755787565
2002-03-12,52.62552118003527,-3.106239131183907,24.686927630080902,-46.2351076514885
2002-03-13,55.01605832491092,-2.786672641409139,23.86336066941732,-46.555226453156465
2002-03-14,55.848199387725494,-2.504579358932652,24.084701490502724,-47.77799962329913
2002-03-15,56.928049165380855,-3.8226983970381485,25.09255067524651,-46.99366646768665
2002-03-16,55.89415015280842,-6.373167148301661,24.229831567373378,-46.507792769644546
2002-03-17,54.2601221028862,-6.322182653808597,25.85284452350373,-46.269546020408
2002-03-18,54.45565179815783,-6.88126014195032,23.774192783182524,-46.2738997131637
2002-03-19,54.13890449410266,-7.034376085031227,24.059761897285668,-46.465485816195844
2002-03-20,53.81471765526575,-7.8832327767767545,25.097464948659653,-46.579153965847276
2002-03-21,53.77671056206775,-7.244956998811255,23.905307920290827,-46.445621410330055
2002-03-22,54.87876362855219,-8.130728356367351,24.17161023772705,-46.6831042039898
2002-03-23,54.29766133495652,-8.662687938701044,25.293058234680732,-48.22420782879893
2002-03-24,54.279449112616675,-8.258669120425221,24.70678370728749,-48.35023267186304
2002-03-25,54.22426493563286,-8.13537544755682,25.35969659775636,-48.725747277755545
2002-03-26,53.62389384806963,-7.350616449680166,26.494885188730976,-47.9272285501612
2002-03-27,52.87788652995712,-9.193311871618768,26.343272653499465,-48.02228417980414
2002-03-28,52.957668240680356,-10.263376145038013,25.16944898033878,-47.52098632266274
2002-03-29,53.87584473757792,-10.398445292596868,26.188744147145435,-47.40016442789522
2002-03-30,56.17629017019702,-10.30373444679329,25.82244179600785,-48.3127103126669
2002-03-31,57.15276611286407,-12.598463745706013,25.620493822425352,-48.47766875210685
2002-04-01,57.848174455642514,-12.62715151584313,24.451900915312223,-48.66745978813487
2002-04-02,57.60371637167648,-13.06986595519857,24.18565947477417,-46.96234320163114
2002-04-03,56.61674784233095,-11.382735882940551,23.727204970045033,-45.959645952697166
2002-04-04,58.05725542571758,-12.841206619918175,22.633852610717724,-45.21806606052927
2002-04-05,57.85612299973802,-12.520098633168127,22.62954062604236,-44.79998458961111
2002-04-06,57.81327176704924,-12.186524759993757,23.226562289152188,-44.964911284037
2002-04-07,59.65079361722683,-14.816797965355534,22.7819929480293,-45.233010831959575
2002-04-08,59.32795327113295,-16.39807690595651,23.731850634742738,-45.93755310921366
2002-04-09,57.80563351997204,-17.189228935781845,22.52625343945988,-45.940250080915284
2002-04-10,59.06793254489877,-19.083825822461183,22.259535153002375,-46.968481064591224
2002-04-11,61.38908835869817,-19.81122439160495,22.477408467245542,-47.91501679550057
2002-04-12,61.194306940038274,-19.939164748031683,22.94391674581679,-47.39183204835811
2002-04-13,61.44756920213289,-20.182604430549876,23.63558288525187,-47.160580641806334
2002-04-14,62.30560966247057,-19.38943996203087,22.88721539409721,-46.174354725998306
2002-04-15,61.19636426869452,-19.80408668286615,23.38007845208991,-46.745771720365525
2002-04-16,60.61364057729495,-20.166850889171492,23.490147268873336,-46.26050871624534
2002-04-17,61.41489669803517,-18.85043006041978,22.633119285412494,-46.20878932007826
2002-04-18,63.98889944005371,-19.474059412148215,22.355541663383487,-47.12580866116069
2002-04-19,64.28796316314578,-19.089862076873388,20.20037196866783,-46.27630795507622
2002-04-20,64.66695172204363,-18.41666902316791,20.839552894077176,-47.03555341488385
2002-04-21,63.42861342008009,-17.94476185413153,21.650364492292933,-46.33528898159647
2002-04-22,64.36134626138396,-18.730305188570565,22.455979097272046,-45.78315177626043
2002-04-23,62.92834534874173,-18.631270365845324,21.88370148048357,-48.20986035437719
2002-04-24,64.09471479836016,-17.227046606254316,23.247539132148603,-48.39589215475801
2002-04-25,62.23550008106902,-16.85933718938269,22.809897933912602,-49.66654127579707
2002-04-26,63.487318052104534,-16.76939724193356,23.445967114405445,-49.18508348207957
2002-04-27,62.68553750398239,-16.10305538273476,24.443959842183528,-48.81650815894953
2002-04-28,63.9763595232779,-15.375427425904654,26.385547047929624,-48.30117071515716
2002-04-29,64.90731340143155,-16.061452461072626,26.33955103764583,-48.64508150406957
2002-04-30,64.6503091392672,-15.860304112806546,26.366532146049398,-49.58420361140726
2002-05-01,64.37321181777725,-16.607118533832942,24.215252507247428,-49.79084132763694
2002-05-02,62.85377878109681,-17.536547447163073,24.08962116600896,-48.638003914266406
2002-05-03,64.19582234391862,-18.062005969420397,26.138095414638027,-48.87010553059001
2002-05-04,62.5412257414139,-16.995119935343144,27.087580662215647,-49.551603651001514
2002-05-05,63.07873294624686,-15.678794232069718,27.27399561616833,-49.562743325499014
2002-05-06,62.70257459184793,-16.981518782862516,27.202858126947444,-51.151009270774296
2002-05-07,62.03372739084318,-16.17660925668688,27.7205807788754,-49.96549690487536
2002-05-08,61.74510094134958,-16.162448327928818,29.493879914804626,-48.91398135149947
2002-05-09,62.120088536828604,-14.536927974020813,30.236761880769496,-48.258751103756495
2002-05-10,64.29847691149087,-13.85526100997822,30.51089058775107,-47.19913500772313
2002-05-11,65.79741375208425,-12.765636734474505,31.179972262518042,-48.973350843940956
2002-05-12,64.97609956128271,-10.819672310894667,30.745215462346124,-50.430862922523545
2002-05-13,64.37047395726957,-11.00101135767999,33.53767522031907,-50.848744046792696
2002-05-14,65.37199149331781,-9.75156311922057,34.78255411832228,-50.77744615863836
2002-05-15,66.01061864240751,-10.835572129230737,35.85381294138774,-50.84011049268819
2002-05-16,65.12200402178759,-10.55652100576078,35.84327964599269,-51.06747317749412
2002-05-17,65.58055207845425,-9.297375289157017,36.548053372399856,-50.52714097197876
2002-05-18,65.12756946227464,-8.84021557757185,36.22920338676271,-49.7370372240323
2002-05-19,65.78338271261819,-7.70522906300666,37.532586956898164,-49.483681087209355
2002-05-20,65.75328463648448,-6.3080595152869625,37.98278067937317,-49.715839491326896
2002-05-21,67.58148155921668,-7.697520513442802,39.15840896900407,-48.61426221498218
2002-05-22,67.21756538156195,-8.566946930299272,37.40221306701462,-49.345303957261194
2002-05-23,67.63568334752576,-7.495089404973207,38.255837584059016,-49.08196121052011
2002-05-24,67.24119562890289,-8.469465860011422,37.18657743132975,-49.88565225206175
2002-05-25,67.2454505941129,-8.763224499958302,36.275159106513506,-49.03755585650734
2002-05-26,66.01031302116671,-8.948487415943482,37.10203520745342,-49.710116436504116
2002-05-27,65.81791803247403,-7.688379615994864,36.65235787471843,-50.18787296401049
2002-05-28,65.79952571280131,-7.122913072673386,36.16889895122195,-47.658242513041344
2002-05-29,64.2169849273356,-8.321970184654994,36.84679578866018,-45.8680833542074
2002-05-30,63.58055744051433,-8.066048794959192,37.404517499888875,-45.3110775212378
2002-05-31,63.08760748532478,-7.961159011989538,37.24706670697333,-47.11308750834242
2002-06-01,64.62001838046635,-7.140121966667382,37.231262181719615,-48.129879955468546
2002-06-02,64.91445553831599,-6.374817100801384,38.17075677729097,-47.892362146041044
2002-06-03,64.03038176588673,-6.808269770493223,36.64854945659819,-47.77731968496501
2002-06-04,63.57973384753044,-7.7051796038564735,38.49407872860653,-49.0081463849738
2002-06-05,64.55883629953077,-7.879583428141759,38.16297126531675,-48.604193514234254
2002-06-06,63.442092994475594,-5.961622979966718,37.95618951236029,-47.40815199452376
2002-06-07,63.52015016734971,-7.125194682099076,36.948088862187326,-46.81732601346783
2002-06-08,64.55975457623354,-5.47401202438698,37.36564667624842,-46.16015653551182
2002-06-09,63.895701512389714,-6.4504360312883104,37.50388313818559,-46.95101604085656
2002-06-10,64.01185703127426,-5.286520809823512,37.53451648353743,-46.32727525036201
2002-06-11,63.972938892925995,-4.490561536993812,37.41690791256081,-46.11068594638852
2002-06-12,64.59421098059546,-5.557865840365951,37.88670276959668,-45.68008720360913
2002-06-13,63.6841646083707,-5.7653532316321785,38.98077474404486,-45.30144674952574
2002-06-14,63.85240547182205,-7.638337471911023,38.98013445335245,-46.03787880466397
2002-06-15,62.40183883132817,-7.405382088353061,38.41539501516469,-44.61549404198586
2002-06-16,62.96377922671784,-7.5317221855527965,38.82902513879064,-44.027239294319315
2002-06-17,62.94031559961417,-8.80090785254831,38.52360681605832,-42.79360374167151
2002-06-18,63.62513704990735,-9.808769930229387,36.895015127061676,-43.33786995005409
2002-06-19,63.28711196566791,-10.035492548317976,35.846332401270274,-42.47398175833524
2002-06-20,62.68292636371,-11.039560476224292,35.514922887100916,-43.45196317780085
2002-06-21,63.13762088368403,-8.654603087734818,36.23815868411454,-42.98043761995272
2002-06-22,63.70505394927312,-9.668713593485604,36.57406451575482,-45.01554723696817
2002-06-23,65.76585931698536,-11.019563073587191,36.88084094130264,-43.8666501239132
2002-06-24,65.73631595104644,-8.90246364165094,36.948355945247826,-43.3759470990357
2002-06-25,66.14813913166878,-8.850542267165817,38.63236565465905,-43.52593761836493
2002-06-26,64.1189811728077,-10.895584954306266,38.1537860508606,-43.731532104315896
2002-06-27,63.951517289945535,-10.037254084115505,37.971428193959795,-44.88287257730115
2002-06-28,63.833605785241176,-10.25748478927013,37.84740997417684,-44.11059810517014
2002-06-29,63.61268420087493,-11.096447070946608,39.51434883380536,-42.90198238913636
2002-06-30,61.71973172335892,-11.355900875145563,41.010409876921415,-42.71189508517914
2002-07-01,61.7515959647059,-10.944299938409836,40.93952437610883,-43.87082370864156
2002-07-02,62.12446668776064,-11.344585056731837,41.93791829187127,-44.936171409447645
2002-07-03,62.10761753114351,-11.064369590749765,42.50191329571923,-45.55096777228431
2002-07-04,62.568003128003674,-11.822676816465485,42.52677200506932,-46.07393912840499
2002-07-05,63.933767020824554,-10.925621638926803,42.77689206405785,-45.34802883857541
2002-07-06,64.89385123778756,-10.720008366983421,42.83740486345534,-46.411035678548124
2002-07-07,64.14727023550788,-12.28382688620257,43.94899079616577,-45.854268497787864
2002-07-08,62.98799791922515,-11.582487837058105,44.09287996949473,-43.019565609169454
2002-07-09,62.17275773817486,-11.950046269756523,44.182567841329764,-42.864723359454594
2002-07-10,60.100247388717946,-10.47515287287917,42.5342215949554,-41.8985840417952
2002-07-11,59.58214177900388,-9.396000246635841,44.15376068227538,-43.769830267267295
2002-07-12,59.65909932003616,-8.69722874591891,44.69320344770123,-43.525795201775026
2002-07-13,58.5220061999113,-8.627504426438922,45.17557916897266,-42.709549607551935
2002-07-14,58.578469290053086,-8.839727219616394,44.13675707486724,-43.09902081928855
2002-07-15,58.4923805506352,-10.354217731416458,45.16752529524895,-43.28658103451091
2002-07-16,59.47353448326042,-11.884553688224972,43.32414283436223,-43.52935275896021
2002-07-17,60.546159206697254,-11.961483645953631,44.174803617530465,-42.3287164014286
2002-07-18,59.071280475501,-10.983000144846168,43.38470281647981,-40.895594656394415
2002-07-19,59.62706579337654,-13.627407096681726,44.18458906347611,-42.02294296749551
2002-07-20,58.271411106161494,-12.865554101376398,45.5492144352262,-43.306388614632695
2002-07-21,61.135540644347806,-12.061115273248689,44.92716645843385,-42.56323837369928
2002-07-22,60.77635440383055,-13.411429104029,43.8643889379846,-42.85549533168376
2002-07-23,60.075485908510615,-14.228296031057123,43.29892063218242,-41.82178709998443
2002-07-24,58.84380314626074,-16.19332959556388,43.184328619983376,-43.46837159812564
2002-07-25,60.869203480601314,-17.314766425175605,43.406674280677144,-43.10799526539046
2002-07-26,61.35565542543481,-15.78423870878219,42.9403959424069,-42.08664407595657
2002-07-27,63.61444179988695,-14.560305616224106,44.72735626744907,-43.07819796626499
2002-07-28,63.40732605794335,-15.489589757354791,46.27376181798465,-41.98188243218013
2002-07-29,62.10105858811845,-14.310818692774296,44.82578876358097,-43.35806471762564
2002-07-30,62.63994470391935,-15.013435693655413,46.354546207185045,-43.85017668039875
2002-07-31,62.273619782961184,-16.567343063910187,46.63812602899837,-44.8522404630691
2002-08-01,61.30264197609644,-16.330223514853657,45.47407194493783,-42.38677474706003
2002-08-02,60.688768041338996,-17.155496045822453,45.479402491114755,-40.87528933266416
2002-08-03,60.19280673933424,-16.406278704262235,44.85452193798372,-42.1409633233734
2002-08-04,62.03374648656796,-16.754034781749503,44.11522030532486,-41.839313364343845
2002-08-05,63.363847059271485,-15.4088889396202,45.02049965220473,-41.36108652564647
2002-08-06,63.111603800552594,-16.594121651245718,46.932862598998646,-39.91963818228382
2002-08-07,64.40740630422232,-16.265004792727343,46.51258018398798,-40.622574018465734
2002-08-08,63.89229363943733,-15.92568073989862,47.77070068864104,-41.360757152100334
2002-08-09,63.99012122468911,-15.61092452276941,48.402316581723625,-41.379454948339756
2002-08-10,64.05626614663458,-14.156555810846497,47.427378645035745,-40.585036998705476
2002-08-11,64.09682659757469,-14.970262347149898,48.19224392490646,-41.07465049265186
2002-08-12,65.36417450128229,-15.321658360661289,48.90401394624771,-43.323513650306374
2002-08-13,65.25904926300377,-15.83607058184115,49.50377469133768,-42.607225360371615
2002-08-14,64.15406769826268,-15.923893028818062,48.62523626366887,-42.27144075808952
2002-08-15,64.22755916020196,-15.386941055108641,49.09129773998223,-42.61221590239304
2002-08-16,65.13773093802553,-14.577478230549456,48.88973343180491,-41.59846955225717
2002-08-17,66.23912266178702,-14.775916456870831,48.011224861881935,-42.5830260724542
2002-08-18,66.58009249572632,-14.462739996788267,49.06297354727437,-41.399741131241
2002-08-19,66.78770504495647,-14.029580411844742,50.30642995118606,-42.712807776531314
2002-08-20,65.88456644607429,-13.008817843154088,50.54647426578221,-42.52865893918932
2002-08-21,65.79055388964684,-13.149450150892697,50.567002366282686,-43.54340997539804
2002-08-22,65.11600699583101,-13.15378762132232,50.02005729005878,-44.23545081825898
2002-08-23,64.6763750503418,-14.100328171724168,50.789114395963225,-44.598108462173705
2002-08-24,65.46877153786984,-14.675730320887368,49.808040512557525,-45.12419651002325
2002-08-25,65.46635000071522,-14.794250184681399,50.240738804560884,-45.16678364603902
2002-08-26,65.96663664256455,-12.53556851679016,49.26191212092028,-46.25914223702555
2002-08-27,66.24093874740137,-13.39798696601218,50.59822885618435,-47.31010581463168
2002-08-28,66.37868881547882,-13.764708600566692,48.825754884844216,-47.59642002046506
2002-08-29,65.20320032748836,-14.452716341605234,48.38481749857025,-47.56941502437467
2002-08-30,66.44904401471524,-14.49778088548122,47.64270139895798,-47.66813898801428
2002-08-31,66.99309174631372,-15.045131662235665,47.44401277086252,-46.64423398326715
2002-09-01,69.38177078782653,-15.438071647473825,48.143836818863186,-46.0454842652821
2002-09-02,67.65626032659561,-14.273465779173845,48.401205946820944,-47.00037598770782
2002-09-03,69.24612538655938,-13.250483790528294,47.10299003655397,-47.32281913884866
2002-09-04,68.70045652769406,-13.582380095066235,47.19378168706899,-46.003958285346485
2002-09-05,67.61594053922101,-13.86039089679045,47.09323362414546,-43.599535723699226
2002-09-06,67.18181996137908,-14.6720107326531,47.00408138671475,-41.3333512094173
2002-09-07,67.39217783371575,-14.505905010845309,47.6581670245033,-41.13224394074792
2002-09-08,66.507885734283,-14.367963366516895,47.90361467050119,-42.05757517379965
2002-09-09,66.206670133282,-14.948504227261738,48.623578506622074,-41.21082253037994
2002-09-10,66.12459239686216,-13.910536769580485,47.89435343615235,-41.204848729782924
2002-09-11,66.79927757897185,-13.756735827250353,45.10294975129055,-41.04980089833561
2002-09-12,65.84172201435645,-14.753813666292626,46.368454501772604,-40.72889305478893
2002-09-13,65.89952882828756,-14.533770406837103,45.159724543549814,-42.128779838259426
2002-09-14,64.8349281257705,-14.623660400656783,44.48968319461457,-41.65127945676678
2002-09-15,65.61719242734328,-14.7480597141176,44.431877396249774,-41.07182335412665
2002-09-16,65.38439014389567,-14.592676868335083,42.72196915752457,-39.354845009785784
2002-09-17,64.67298416354579,-16.10244435151478,44.388630345764,-37.985155859522
2002-09-18,64.08233179861196,-16.913252497672573,45.1038072640695,-37.5275220971951
2002-09-19,63.184510756207814,-16.6389115506359,46.572749684823116,-36.89324236247198
2002-09-20,63.11891127760741,-17.91524236109195,45.97986913255388,-37.337288265538106
2002-09-21,62.904053123644445,-17.22869584037597,46.18834367357008,-37.323423474978426
2002-09-22,61.346775602697626,-17.64064393350235,44.34744731568061,-37.28984033020298
2002-09-23,62.3806862966063,-17.8610539834811,43.93062255238158,-37.2789606350558
2002-09-24,63.953547564472004,-17.277230633216362,44.82053016027496,-36.84988526710402
2002-09-25,63.618384011996014,-17.144879132779423,44.11007600602165,-36.335060527558845
2002-09-26,64.54271878259536,-14.882190710421678,45.73447578674016,-37.01925599842759
